epoch,time,train/box_loss,train/cls_loss,train/dfl_loss,metrics/precision(B),metrics/recall(B),metrics/mAP50(B),metrics/mAP50-95(B),val/box_loss,val/cls_loss,val/dfl_loss,lr/pg0,lr/pg1,lr/pg2
1,2325.88,0.51163,2.33869,1.05473,0.78653,0.91185,0.85802,0.83255,0.28767,0.5588,0.93377,0.00333277,0.00333277,0.00333277
2,4599.04,0.45374,1.14181,0.98949,0.81955,0.96452,0.87103,0.85102,0.26399,0.41602,0.91848,0.00653412,0.00653412,0.00653412
3,7219.86,0.46294,1.09281,0.99187,0.82749,0.96377,0.87414,0.85558,0.25521,0.39149,0.91172,0.00960346,0.00960346,0.00960346
4,9755.46,0.43292,1.02357,0.97703,0.83916,0.97951,0.87532,0.86054,0.22946,0.34952,0.89609,0.009406,0.009406,0.009406
5,12399.9,0.39115,0.92099,0.95798,0.84416,0.98335,0.87455,0.86249,0.21615,0.33047,0.88816,0.009208,0.009208,0.009208
